date,death
2020-01-23,0.0
2020-01-24,0.0
2020-01-25,0.0
2020-01-26,0.0
2020-01-27,0.0
2020-01-28,0.0
2020-01-29,0.0
2020-01-30,0.0
2020-01-31,0.0
2020-02-01,0.0
2020-02-02,0.0
2020-02-03,0.0
2020-02-04,0.0
2020-02-05,0.0
2020-02-06,0.0
2020-02-07,0.0
2020-02-08,0.0
2020-02-09,0.0
2020-02-10,0.0
2020-02-11,0.0
2020-02-12,0.0
2020-02-13,0.0
2020-02-14,0.0
2020-02-15,0.0
2020-02-16,0.0
2020-02-17,0.0
2020-02-18,0.0
2020-02-19,0.0
2020-02-20,0.0
2020-02-21,0.0
2020-02-22,0.0
2020-02-23,0.0
2020-02-24,0.0
2020-02-25,0.0
2020-02-26,0.0
2020-02-27,0.0
2020-02-28,0.0
2020-02-29,0.0
2020-03-01,0.0
2020-03-02,0.0
2020-03-03,0.0
2020-03-04,0.0
2020-03-05,0.0
2020-03-06,0.0
2020-03-07,0.0
2020-03-08,0.0
2020-03-09,0.0
2020-03-10,0.0
2020-03-11,0.0
2020-03-12,0.0
2020-03-13,0.0
2020-03-14,0.0
2020-03-15,0.0
2020-03-16,0.0
2020-03-17,0.0
2020-03-18,1.0
2020-03-19,2.0
2020-03-20,1.0
2020-03-21,0.0
2020-03-22,1.0
2020-03-23,1.0
2020-03-24,1.0
2020-03-25,5.0
2020-03-26,1.0
2020-03-27,2.0
2020-03-28,5.0
2020-03-29,1.0
2020-03-30,0.0
2020-03-31,17.0
2020-04-01,8.0
2020-04-02,19.0
2020-04-03,10.0
2020-04-04,11.0
2020-04-05,10.0
2020-04-06,5.0
2020-04-07,31.0
2020-04-08,0.0
2020-04-09,46.0
2020-04-10,25.0
2020-04-11,17.0
2020-04-12,28.0
2020-04-13,14.0
2020-04-14,25.0
2020-04-15,78.0
2020-04-16,41.0
2020-04-17,19.0
2020-04-18,7.0
2020-04-19,15.0
2020-04-20,65.0
2020-04-21,32.0
2020-04-22,40.0
2020-04-23,31.0
2020-04-24,47.0
2020-04-25,27.0
2020-04-26,18.0
2020-04-27,20.0
2020-04-28,20.0
2020-04-29,27.0
2020-04-30,36.0
2020-05-01,29.0
2020-05-02,26.0
2020-05-03,0.0
2020-05-04,45.0
2020-05-05,25.0
2020-05-06,17.0
2020-05-07,25.0
2020-05-08,29.0
2020-05-09,11.0
2020-05-10,7.0
2020-05-11,10.0
2020-05-12,12.0
2020-05-13,22.0
2020-05-14,25.0
2020-05-15,16.0
2020-05-16,16.0
2020-05-17,21.0
2020-05-18,7.0
2020-05-19,7.0
2020-05-20,7.0
2020-05-21,13.0
2020-05-22,15.0
2020-05-23,13.0
2020-05-24,7.0
2020-05-25,6.0
2020-05-26,10.0
2020-05-27,11.0
2020-05-28,4.0
2020-05-29,11.0
2020-05-30,10.0
2020-05-31,10.0
2020-06-01,11.0
2020-06-02,-1.0
2020-06-03,2.0
2020-06-04,4.0
2020-06-05,11.0
2020-06-06,5.0
2020-06-07,3.0
2020-06-08,4.0
2020-06-09,3.0
2020-06-10,2.0
2020-06-11,12.0
2020-06-12,4.0
2020-06-13,8.0
2020-06-14,1.0
2020-06-15,1.0
2020-06-16,3.0
2020-06-17,2.0
2020-06-18,0.0
2020-06-19,3.0
2020-06-20,6.0
2020-06-21,0.0
2020-06-22,1.0
2020-06-23,5.0
2020-06-24,3.0
2020-06-25,3.0
2020-06-26,2.0
2020-06-27,0.0
2020-06-28,0.0
2020-06-29,1.0
2020-06-30,0.0
2020-07-01,0.0
2020-07-02,0.0
2020-07-03,1.0
2020-07-04,0.0
2020-07-05,0.0
2020-07-06,0.0
2020-07-07,0.0
2020-07-08,1.0
2020-07-09,2.0
2020-07-10,0.0
2020-07-11,0.0
2020-07-12,0.0
2020-07-13,5.0
2020-07-14,0.0
2020-07-15,2.0
2020-07-16,4.0
2020-07-17,4.0
2020-07-18,0.0
2020-07-19,0.0
2020-07-20,4.0
2020-07-21,0.0
2020-07-22,0.0
2020-07-23,2.0
2020-07-24,1.0
2020-07-25,0.0
2020-07-26,0.0
2020-07-27,0.0
2020-07-28,1.0
2020-07-29,1.0
2020-07-30,2.0
2020-07-31,0.0
2020-08-01,0.0
2020-08-02,0.0
2020-08-03,2.0
2020-08-04,0.0
2020-08-05,0.0
2020-08-06,-2.0
2020-08-07,2.0
2020-08-08,0.0
2020-08-09,0.0
2020-08-10,1.0
2020-08-11,0.0
2020-08-12,1.0
2020-08-13,0.0
2020-08-14,0.0
2020-08-15,0.0
2020-08-16,0.0
2020-08-17,1.0
2020-08-18,0.0
2020-08-19,-1.0
2020-08-20,0.0
2020-08-21,1.0
2020-08-22,0.0
2020-08-23,0.0
2020-08-24,0.0
2020-08-25,1.0
2020-08-26,1.0
2020-08-27,0.0
2020-08-28,0.0
2020-08-29,0.0
2020-08-30,0.0
2020-08-31,1.0
2020-09-01,1.0
2020-09-02,0.0
2020-09-03,0.0
2020-09-04,0.0
2020-09-05,0.0
2020-09-06,0.0
2020-09-07,0.0
2020-09-08,2.0
2020-09-09,0.0
2020-09-10,0.0
2020-09-11,1.0
2020-09-12,0.0
2020-09-13,0.0
2020-09-14,1.0
2020-09-15,0.0
2020-09-16,0.0
2020-09-17,0.0
2020-09-18,1.0
2020-09-19,0.0
2020-09-20,0.0
2020-09-21,0.0
2020-09-22,1.0
2020-09-23,0.0
2020-09-24,0.0
2020-09-25,1.0
2020-09-26,0.0
2020-09-27,0.0
2020-09-28,0.0
2020-09-29,0.0
2020-09-30,0.0
2020-10-01,0.0
2020-10-02,1.0
2020-10-03,0.0
2020-10-04,0.0
2020-10-05,0.0
2020-10-06,2.0
2020-10-07,0.0
2020-10-08,0.0
2020-10-09,1.0
2020-10-10,0.0
2020-10-11,0.0
2020-10-12,0.0
2020-10-13,0.0
2020-10-14,1.0
2020-10-15,0.0
2020-10-16,0.0
2020-10-17,0.0
2020-10-18,0.0
2020-10-19,2.0
2020-10-20,-1.0
2020-10-21,1.0
2020-10-22,0.0
2020-10-23,1.0
2020-10-24,0.0
2020-10-25,0.0
2020-10-26,1.0
2020-10-27,2.0
2020-10-28,2.0
2020-10-29,0.0
2020-10-30,1.0
2020-10-31,0.0
2020-11-01,0.0
2020-11-02,3.0
2020-11-03,3.0
2020-11-04,1.0
2020-11-05,2.0
2020-11-06,2.0
2020-11-07,0.0
2020-11-08,0.0
2020-11-09,3.0
2020-11-10,1.0
2020-11-11,0.0
2020-11-12,4.0
2020-11-13,-1.0
2020-11-14,0.0
2020-11-15,0.0
2020-11-16,5.0
2020-11-17,1.0
2020-11-18,3.0
2020-11-19,3.0
2020-11-20,5.0
2020-11-21,0.0
2020-11-22,0.0
2020-11-23,6.0
2020-11-24,1.0
2020-11-25,10.0
2020-11-26,0.0
2020-11-27,3.0
2020-11-28,0.0
2020-11-29,0.0
2020-11-30,16.0
2020-12-01,9.0
2020-12-02,16.0
2020-12-03,2.0
2020-12-04,11.0
2020-12-05,0.0
2020-12-06,0.0
2020-12-07,21.0
2020-12-08,1.0
2020-12-09,10.0
2020-12-10,4.0
2020-12-11,7.0
2020-12-12,0.0
2020-12-13,0.0
2020-12-14,14.0
2020-12-15,5.0
2020-12-16,5.0
2020-12-17,7.0
2020-12-18,9.0
2020-12-19,0.0
2020-12-20,0.0
2020-12-21,19.0
2020-12-22,6.0
2020-12-23,7.0
2020-12-24,9.0
2020-12-25,0.0
2020-12-26,0.0
2020-12-27,0.0
2020-12-28,28.0
2020-12-29,3.0
2020-12-30,13.0
2020-12-31,7.0
2021-01-01,0.0
2021-01-02,20.0
2021-01-03,0.0
2021-01-04,10.0
2021-01-05,5.0
2021-01-06,8.0
2021-01-07,9.0
2021-01-08,7.0
2021-01-09,0.0
2021-01-10,0.0
2021-01-11,18.0
2021-01-12,9.0
2021-01-13,15.0
2021-01-14,4.0
2021-01-15,5.0
2021-01-16,0.0
2021-01-17,0.0
2021-01-18,21.0
2021-01-19,2.0
2021-01-20,15.0
2021-01-21,10.0
2021-01-22,8.0
2021-01-23,0.0
2021-01-24,0.0
2021-01-25,13.0
2021-01-26,7.0
2021-01-27,11.0
2021-01-28,10.0
2021-01-29,5.0
2021-01-30,0.0
2021-01-31,0.0
2021-02-01,6.0
2021-02-02,2.0
2021-02-03,3.0
2021-02-04,3.0
2021-02-05,1.0
2021-02-06,0.0
2021-02-07,0.0
2021-02-08,18.0
2021-02-09,1.0
2021-02-10,9.0
2021-02-11,7.0
2021-02-12,4.0
2021-02-13,0.0
2021-02-14,0.0
2021-02-15,12.0
2021-02-16,2.0
2021-02-17,10.0
2021-02-18,6.0
2021-02-19,11.0
2021-02-20,0.0
2021-02-21,0.0
2021-02-22,7.0
2021-02-23,3.0
2021-02-24,2.0
2021-02-25,5.0
2021-02-26,7.0
2021-02-27,0.0
2021-02-28,0.0
2021-03-01,5.0
2021-03-02,1.0
2021-03-03,6.0
2021-03-04,7.0
2021-03-05,4.0
2021-03-06,0.0
2021-03-07,0.0
2021-03-08,5.0
2021-03-09,2.0
2021-03-10,4.0
2021-03-11,0.0
2021-03-12,0.0
2021-03-13,0.0
2021-03-14,0.0
2021-03-15,4.0
2021-03-16,4.0
2021-03-17,4.0
2021-03-18,1.0
2021-03-19,-1.0
2021-03-20,0.0
2021-03-21,0.0
2021-03-22,1.0
2021-03-23,0.0
2021-03-24,3.0
2021-03-25,3.0
2021-03-26,2.0
2021-03-27,0.0
2021-03-28,0.0
2021-03-29,2.0
2021-03-30,1.0
2021-03-31,2.0
2021-04-01,4.0
2021-04-02,2.0
2021-04-03,0.0
2021-04-04,0.0
2021-04-05,8.0
2021-04-06,1.0
2021-04-07,1.0
2021-04-08,2.0
2021-04-09,1.0
2021-04-10,0.0
2021-04-11,0.0
2021-04-12,3.0
2021-04-13,6.0
2021-04-14,1.0
2021-04-15,1.0
2021-04-16,1.0
2021-04-17,0.0
2021-04-18,0.0
2021-04-19,5.0
2021-04-20,1.0
2021-04-21,1.0
2021-04-22,3.0
2021-04-23,2.0
2021-04-24,0.0
2021-04-25,0.0
2021-04-26,3.0
2021-04-27,0.0
2021-04-28,2.0
2021-04-29,1.0
2021-04-30,5.0
2021-05-01,0.0
2021-05-02,0.0
2021-05-03,2.0
2021-05-04,1.0
2021-05-05,0.0
2021-05-06,1.0
2021-05-07,4.0
2021-05-08,0.0
2021-05-09,0.0
2021-05-10,1.0
2021-05-11,1.0
2021-05-12,1.0
2021-05-13,0.0
2021-05-14,0.0
2021-05-15,0.0
2021-05-16,0.0
2021-05-17,5.0
2021-05-18,1.0
2021-05-19,3.0
2021-05-20,1.0
2021-05-21,1.0
2021-05-22,0.0
2021-05-23,0.0
2021-05-24,5.0
2021-05-25,1.0
2021-05-26,2.0
2021-05-27,1.0
2021-05-28,0.0
2021-05-29,0.0
2021-05-30,0.0
2021-05-31,0.0
2021-06-01,1.0
2021-06-02,2.0
2021-06-03,-1.0
2021-06-04,0.0
2021-06-05,0.0
2021-06-06,0.0
2021-06-07,2.0
2021-06-08,1.0
2021-06-09,0.0
2021-06-10,0.0
2021-06-11,0.0
2021-06-12,0.0
2021-06-13,0.0
2021-06-14,0.0
2021-06-15,0.0
2021-06-16,1.0
2021-06-17,0.0
2021-06-18,0.0
2021-06-19,0.0
2021-06-20,0.0
2021-06-21,0.0
2021-06-22,0.0
2021-06-23,0.0
2021-06-24,0.0
2021-06-25,0.0
2021-06-26,0.0
2021-06-27,0.0
2021-06-28,0.0
2021-06-29,0.0
2021-06-30,0.0
2021-07-01,0.0
2021-07-02,0.0
2021-07-03,0.0
2021-07-04,0.0
2021-07-05,0.0
2021-07-06,-1.0
2021-07-07,0.0
2021-07-08,0.0
2021-07-09,0.0
2021-07-10,0.0
2021-07-11,0.0
2021-07-12,0.0
2021-07-13,0.0
2021-07-14,0.0
2021-07-15,2.0
2021-07-16,0.0
2021-07-17,0.0
2021-07-18,0.0
2021-07-19,0.0
2021-07-20,0.0
2021-07-21,0.0
2021-07-22,1.0
2021-07-23,0.0
2021-07-24,0.0
2021-07-25,0.0
2021-07-26,0.0
2021-07-27,0.0
2021-07-28,0.0
2021-07-29,-1.0
2021-07-30,0.0
2021-07-31,0.0
2021-08-01,0.0
2021-08-02,0.0
2021-08-03,0.0
2021-08-04,0.0
2021-08-05,0.0
2021-08-06,0.0
2021-08-07,0.0
2021-08-08,0.0
2021-08-09,0.0
2021-08-10,0.0
2021-08-11,0.0
2021-08-12,2.0
2021-08-13,-1.0
2021-08-14,0.0
2021-08-15,0.0
2021-08-16,0.0
2021-08-17,-1.0
2021-08-18,0.0
2021-08-19,7.0
2021-08-20,1.0
2021-08-21,0.0
2021-08-22,0.0
2021-08-23,0.0
2021-08-24,0.0
2021-08-25,0.0
2021-08-26,6.0
2021-08-27,1.0
2021-08-28,0.0
2021-08-29,0.0
2021-08-30,0.0
2021-08-31,0.0
2021-09-01,0.0
2021-09-02,10.0
2021-09-03,0.0
2021-09-04,0.0
2021-09-05,0.0
2021-09-06,0.0
2021-09-07,0.0
2021-09-08,2.0
2021-09-09,1.0
2021-09-10,3.0
2021-09-11,0.0
2021-09-12,0.0
2021-09-13,0.0
2021-09-14,3.0
2021-09-15,1.0
2021-09-16,0.0
2021-09-17,1.0
2021-09-18,0.0
2021-09-19,0.0
2021-09-20,0.0
2021-09-21,0.0
2021-09-22,0.0
2021-09-23,0.0
2021-09-24,4.0
2021-09-25,0.0
2021-09-26,0.0
2021-09-27,27.0
2021-09-28,8.0
2021-09-29,0.0
2021-09-30,0.0
2021-10-01,7.0
2021-10-02,0.0
2021-10-03,0.0
2021-10-04,0.0
2021-10-05,3.0
2021-10-06,1.0
2021-10-07,0.0
2021-10-08,0.0
2021-10-09,0.0
2021-10-10,0.0
2021-10-11,0.0
2021-10-12,0.0
2021-10-13,3.0
2021-10-14,0.0
2021-10-15,2.0
2021-10-16,0.0
2021-10-17,0.0
2021-10-18,0.0
2021-10-19,2.0
2021-10-20,0.0
2021-10-21,0.0
2021-10-22,4.0
2021-10-23,0.0
2021-10-24,0.0
2021-10-25,0.0
2021-10-26,5.0
2021-10-27,0.0
2021-10-28,-1.0
2021-10-29,3.0
2021-10-30,0.0
2021-10-31,0.0
2021-11-01,1.0
2021-11-02,0.0
2021-11-03,0.0
2021-11-04,0.0
2021-11-05,2.0
2021-11-06,0.0
2021-11-07,0.0
2021-11-08,0.0
2021-11-09,1.0
2021-11-10,0.0
2021-11-11,0.0
2021-11-12,0.0
2021-11-13,0.0
2021-11-14,0.0
2021-11-15,4.0
2021-11-16,0.0
2021-11-17,1.0
2021-11-18,1.0
2021-11-19,2.0
2021-11-20,0.0
2021-11-21,0.0
2021-11-22,0.0
2021-11-23,0.0
2021-11-24,1.0
2021-11-25,0.0
2021-11-26,0.0
2021-11-27,0.0
2021-11-28,0.0
2021-11-29,0.0
2021-11-30,5.0
2021-12-01,0.0
2021-12-02,0.0
2021-12-03,1.0
2021-12-04,0.0
2021-12-05,0.0
2021-12-06,0.0
2021-12-07,3.0
2021-12-08,0.0
2021-12-09,0.0
2021-12-10,3.0
